insert into public.participants (id, name, phone, ticket_text, position) values
  ('admin-001', '운영자', '010-0000-0000', 'Day1 Day2 Day3', 'Admin'),
  ('p-001', '김하늘', '010-1111-2222', 'Day1 Day2', '목사'),
  ('p-002', '이준호', '010-2222-3333', 'Day2 Day3', '간사'),
  ('p-003', '박서연', '010-3333-4444', 'Day1 Day3', '전도사'),
  ('p-004', '최민재', '010-4444-5555', 'Day1 Day2 Day3', '사모')
on conflict (id) do update set
  name = excluded.name,
  phone = excluded.phone,
  ticket_text = excluded.ticket_text,
  position = excluded.position;

insert into public.lectures (id, day, date, title, speaker, location) values
  ('lec-d1-01', 'Day1', '2026-06-23', '선택세션1. 다시 교회로 오는 3040', '김현우', 'A101'),
  ('lec-d1-02', 'Day1', '2026-06-23', '선택세션2. 소모임, 요즘 크리스천들이 교회에서 노는 이유', '박지은', 'A102'),
  ('lec-d1-03', 'Day1', '2026-06-23', '선택세션3. 목회철학을 풀어내는 최고의 방법, 의외로 행정과 재무입니다', '이성호', 'A103'),
  ('lec-d1-04', 'Day1', '2026-06-23', '선택세션4. 따로 또 같이, 네트워크 교회', '정수민', 'A104'),
  ('lec-d1-05', 'Day1', '2026-06-23', '선택세션5. 만나IC 총괄 기획자가 말하는 목회 브랜딩', '한지우', 'A105'),
  ('lec-d1-06', 'Day1', '2026-06-23', '선택세션6. ※목사님 출입금지※ 사모님 상담소', '오지은', 'A106'),
  ('lec-d1-07', 'Day1', '2026-06-23', '선택세션7. [소그룹 실습] 나만의 목회철학을 그리는 시간', '김태우', 'A107'),
  ('lec-d1-08', 'Day1', '2026-06-23', '선택세션8. [신학생 only] 김병삼 목사님, 커피챗 가능하신가요?', '김병삼', 'A108'),
  ('lec-d2-01', 'Day2', '2026-06-24', '선택세션1. 인스타로 목회하는 방법', '김현우', 'B101'),
  ('lec-d2-02', 'Day2', '2026-06-24', '선택세션2. AI 간사님과 함께 사역하기', '박지은', 'B102'),
  ('lec-d2-03', 'Day2', '2026-06-24', '선택세션3. 교회의 미래를 결정하는 시니어 사역', '이성호', 'B103'),
  ('lec-d2-04', 'Day2', '2026-06-24', '선택세션4. 교회학교 부장님들이 알려주는 ''신앙 놀이터'' 설계법', '정수민', 'B104'),
  ('lec-d2-05', 'Day2', '2026-06-24', '선택세션5. 세살 신앙 여든 간다! 가정과 아이가 함께 자라는 유치원, 사무엘학교', '한지우', 'B105'),
  ('lec-d2-06', 'Day2', '2026-06-24', '선택세션6. 상처 입은 청년부, 다시 공동체를 세울 수 있는가?', '오지은', 'B106'),
  ('lec-d2-07', 'Day2', '2026-06-24', '선택세션7. 평신도가 말하는 세상에 없던 평신도 사역', '김태우', 'B107'),
  ('lec-d2-08', 'Day2', '2026-06-24', '선택세션8. 복지 사각지대를 비추는 나눔사역, 복지코디', '서문경', 'B108'),
  ('lec-d2-09', 'Day2', '2026-06-24', '선택세션9. [소그룹 실습] 다음시대의 사역을 그리는 시간', '박하늘', 'B109'),
  ('lec-d2-10', 'Day2', '2026-06-24', '선택세션10. [신학생 only]김병삼 목사님, 커피챗 가능하신가요?', '김병삼', 'B110'),
  ('lec-d3-01', 'Day3', '2026-06-25', '선택세션1. 만나교회의 영적축제, 변화산새벽기도회 기획노트 A~Z 전격공개', '김현우', 'C101'),
  ('lec-d3-02', 'Day3', '2026-06-25', '선택세션2. **와, 정말 핵심을 찔렀어!** AI 예배 활용법', '박지은', 'C102'),
  ('lec-d3-03', 'Day3', '2026-06-25', '선택세션3. 찬양 인도, 이것만 알면 쉬워진다', '이성호', 'C103'),
  ('lec-d3-04', 'Day3', '2026-06-25', '선택세션4. 탈고만 잘해도 설교가 달라진다', '정수민', 'C104'),
  ('lec-d3-05', 'Day3', '2026-06-25', '선택세션5. 24년차 영상 간사님이 알려주는 영상 제작 실전 워크숍', '한지우', 'C105'),
  ('lec-d3-06', 'Day3', '2026-06-25', '선택세션6. 장비 없어도 할 수 있는 교회 음향 실전 워크숍', '오지은', 'C106'),
  ('lec-d3-07', 'Day3', '2026-06-25', '선택세션7. 거울 앞에서 준비하는 예배, 코디도 예배다', '김태우', 'C107'),
  ('lec-d3-08', 'Day3', '2026-06-25', '선택세션8. 교회 안에 스며든 예배 음악의 타락', '서문경', 'C108'),
  ('lec-d3-09', 'Day3', '2026-06-25', '선택세션9. 귀에 꽂히는 설교 스피치', '박하늘', 'C109'),
  ('lec-d3-10', 'Day3', '2026-06-25', '선택세션10. [소그룹 나눔] 다음시대 셀프워크숍', '김병삼', 'C110'),
  ('lec-d3-11', 'Day3', '2026-06-25', '선택세션11. [신학생 only]김병삼 목사님, 커피챗 가능하신가요?', '김병삼', 'C111')
on conflict (id) do update set
  day = excluded.day,
  date = excluded.date,
  title = excluded.title,
  speaker = excluded.speaker,
  location = excluded.location;

insert into public.applications (id, participant_id, day, time_slot, lecture_id) values
  ('app-001', 'p-001', 'Day1', '1타임', 'lec-d1-01'),
  ('app-002', 'p-002', 'Day2', '2타임', 'lec-d2-02'),
  ('app-003', 'p-003', 'Day3', '1타임', 'lec-d3-03')
on conflict (id) do update set
  participant_id = excluded.participant_id,
  day = excluded.day,
  time_slot = excluded.time_slot,
  lecture_id = excluded.lecture_id;

insert into public.timetable_days (id, day, title, date, sort_order) values
  ('td-day1', 'Day1', 'Day.1 다시, 목회철학', '2026년 6월 23일', 1),
  ('td-day2', 'Day2', 'Day.2 이제, 다음시대', '2026년 6월 24일', 2),
  ('td-day3', 'Day3', 'Day.3 결국, 예배', '2026년 6월 25일', 3)
on conflict (id) do update set
  day = excluded.day,
  title = excluded.title,
  date = excluded.date,
  sort_order = excluded.sort_order;

insert into public.timetable_rows (id, timetable_day_id, time, label, title, place, sort_order) values
  ('tr-d1-01', 'td-day1', '09:00 - 10:00', '접수', 'QR코드 준비', '1층 안내데스크', 1),
  ('tr-d1-02', 'td-day1', '10:00 - 11:00', '메인세션1', '다시, 목회철학', '2층 시온성전', 2),
  ('tr-d1-03', 'td-day1', '11:10 - 12:00', '메인세션2', '건축가 유현준이 그리는 공간', '2층 시온성전', 3),
  ('tr-d1-04', 'td-day1', '12:00 - 12:30', '메인세션', 'Q&A', '교회 식당, 주변 식당', 4),
  ('tr-d1-05', 'td-day1', '12:30 - 14:30', '점심 시간', '(2시간)', '교회 식당, 주변 식당', 5),
  ('tr-d1-06', 'td-day1', '14:30 - 15:25', '메인세션3', '데이터로 보는 교회의 부흥과 생존', '2층 시온성전', 6),
  ('tr-d1-07', 'td-day1', '15:25 - 15:55', '메인세션', 'Q&A', '2층 시온성전', 7),
  ('tr-d1-08', 'td-day1', '15:55 - 16:20', '간식 및 이동 시간', '(25분)', '2층 로비', 8),
  ('tr-d1-09', 'td-day1', '16:20 - 17:10', '선택세션1', '참가신청 시 선택한 세션', '각 선택세션 장소', 9),
  ('tr-d1-10', 'td-day1', '17:10 - 17:30', '이동', '선택세션 장소로 이동', '각 선택세션 장소', 10),
  ('tr-d1-11', 'td-day1', '17:30 - 18:20', '선택세션2', '참가신청 시 선택한 세션', '각 선택세션 장소', 11),
  ('tr-d1-12', 'td-day1', '18:20 - 20:00', '저녁 시간', '(1시간 40분)', '교회 식당, 주변 식당', 12),
  ('tr-d1-13', 'td-day1', '20:00 - 21:30', 'DAY.1', '변화산 저녁기도회', '2층 시온성전', 13),
  ('tr-d2-01', 'td-day2', '12:30 - 13:30', '접수', 'QR코드 준비', '1층 안내데스크', 1),
  ('tr-d2-02', 'td-day2', '13:40 - 14:30', '메인세션1', '이제, 다음시대', '2층 시온성전', 2),
  ('tr-d2-03', 'td-day2', '14:35 - 15:25', '메인세션2', '성도의 생애주기를 업데이트하다', '2층 시온성전', 3),
  ('tr-d2-04', 'td-day2', '15:25 - 15:55', '메인세션', 'Q&A', '2층 시온성전', 4),
  ('tr-d2-05', 'td-day2', '15:55 - 16:20', '간식 및 이동 시간', '(35분)', '2층 로비', 5),
  ('tr-d2-06', 'td-day2', '16:20 - 17:10', '첫번째 선택세션', '(50분)', '각 선택세션 장소', 6),
  ('tr-d2-07', 'td-day2', '17:10 - 17:30', '이동', '선택세션 장소로 이동', '각 선택세션 장소', 7),
  ('tr-d2-08', 'td-day2', '17:30 - 18:20', '두번째 선택세션', '(40분)', '각 선택세션 장소', 8),
  ('tr-d2-09', 'td-day2', '18:20 - 20:00', '저녁 시간', '(1시간 40분)', '교회 식당, 주변 식당', 9),
  ('tr-d2-10', 'td-day2', '20:00 - 21:30', 'DAY.2', '변화산 저녁기도회', '2층 시온성전', 10),
  ('tr-d3-01', 'td-day3', '09:00 - 10:00', '접수', 'QR코드 준비', '1층 안내데스크', 1),
  ('tr-d3-02', 'td-day3', '10:00 - 11:00', '메인세션1', '결국, 예배', '2층 시온성전', 2),
  ('tr-d3-03', 'td-day3', '11:00 - 12:00', '메인세션2', E'예배와 기획 : \n 만나교회 예배는 기획에서 출발합니다', '2층 시온성전', 3),
  ('tr-d3-04', 'td-day3', '12:00 - 14:00', '점심 시간', '(2시간)', '교회 식당, 주변 식당', 4),
  ('tr-d3-05', 'td-day3', '14:00 - 14:50', '메인세션3', E'예배와 음악 : \n 음악은 어떻게 예배의 언어가 되는가', '2층 시온성전', 5),
  ('tr-d3-06', 'td-day3', '14:50 - 15:30', '메인세션', 'Q&A', '2층 시온성전', 6),
  ('tr-d3-07', 'td-day3', '15:30 - 16:00', '간식 및 이동 시간', '(30분)', '2층 로비', 7),
  ('tr-d3-08', 'td-day3', '16:00 - 16:50', '첫번째 선택세션', '(50분)', '각 선택세션 장소', 8),
  ('tr-d3-09', 'td-day3', '16:50 - 17:20', '이동', '선택세션 장소로 이동', '각 선택세션 장소', 9),
  ('tr-d3-10', 'td-day3', '17:20 - 18:10', '두번째 선택세션', '(50분)', '각 선택세션 장소', 10),
  ('tr-d3-11', 'td-day3', '18:10 - 20:00', '저녁 시간', '(1시간 50분)', '교회 식당, 주변 식당', 11),
  ('tr-d3-12', 'td-day3', '20:00 - 21:30', 'DAY.3', '변화산 저녁기도회', '2층 시온성전', 12)
on conflict (id) do update set
  timetable_day_id = excluded.timetable_day_id,
  time = excluded.time,
  label = excluded.label,
  title = excluded.title,
  place = excluded.place,
  sort_order = excluded.sort_order;
